State,Temperature,Rainfall,Humidity,Latitude,Longitude,AQI,Risk
Andhra Pradesh,28.08,8.18,79.47,15.9129,79.74,156,High
Arunachal Pradesh,22.1,0.41,77.54,28.218,94.7278,112,Medium
Assam,25.74,2.5,77.33,26.2006,92.9376,136,High
Bihar,25.81,6.73,84.81,25.0961,85.3131,71,Low
Chhattisgarh,25.94,4.83,80.63,21.2787,81.8661,130,High
Goa,25.89,0.03,75.25,15.2993,74.124,144,High
Gujarat,28.44,0.01,68.62,22.2587,71.1924,104,Medium
Haryana,30.42,0.0,45.47,29.0588,76.0856,167,High
Himachal Pradesh,25.06,0.97,56.62,31.1048,77.1734,76,Low
Jharkhand,23.35,9.55,87.36,23.6102,85.2799,180,High
Karnataka,25.22,0.02,69.41,15.3173,75.7139,108,Medium
Kerala,27.08,3.03,76.4,10.8505,76.2711,85,Medium
Madhya Pradesh,24.67,2.07,82.27,22.9734,78.6569,103,Medium
Maharashtra,24.73,0.17,77.27,19.7515,75.7139,115,Medium
Manipur,24.16,1.68,71.36,24.6637,93.9063,81,Medium
Meghalaya,24.37,3.26,73.26,25.467,91.3662,50,Low
Mizoram,24.45,2.71,69.8,23.1645,92.9376,92,Medium
Nagaland,22.53,2.21,72.62,26.1584,94.5624,161,High
Odisha,27.1,1.61,76.1,20.9517,85.0985,181,High
Punjab,30.91,0.29,44.1,31.1471,75.3412,142,High
Rajasthan,29.4,0.0,36.52,27.0238,74.2179,88,Medium
Sikkim,7.68,3.19,89.88,27.533,88.5122,150,High
Tamil Nadu,28.63,3.48,73.48,11.1271,78.6569,184,High
Telangana,25.77,0.63,70.97,18.1124,79.0193,62,Low
Tripura,29.11,3.0,69.66,23.9408,91.9882,55,Low
Uttar Pradesh,25.88,4.16,85.82,26.8467,80.9462,146,High
Uttarakhand,19.34,5.03,86.19,30.0668,79.0193,116,Medium
West Bengal,27.47,1.52,80.81,22.9868,87.855,92,Medium
Delhi,26.62,0.79,77.66,28.6139,77.209,69,Low
Jammu and Kashmir,0.9,0.02,50.08,33.7782,76.5762,184,High
Ladakh,1.04,0.01,41.71,34.1526,77.577,180,High
Puducherry,29.6,1.17,71.3,11.9416,79.8083,158,High
Chandigarh,27.67,0.55,58.73,30.7333,76.7794,169,High
Andaman and Nicobar Islands,29.76,2.69,69.01,11.7401,92.6586,79,Low
Dadra and Nagar Haveli and Daman and Diu,27.21,0.39,79.82,20.1809,73.0169,149,High
Lakshadweep,29.65,1.23,69.21,10.5667,72.6417,87,Medium
